Company,Region,Phone,Contact,Email,Availability,Notes,City,State,Zip
Metro AutoCare,AZ - Phoenix,480-555-1122,Nina Flores,service@metroautocare.com,24/7,"Hybrid + EV certified, mobile support",Phoenix,AZ,85004
Lone Star Garage,TX - Dallas,214-555-4401,Marcus Reed,shop@lonestargarage.com,Mon-Sat,"ADAS recalibration on site",Dallas,TX,75201
Cascade AutoWorks,WA - Tacoma,253-555-2299,Olivia Park,ops@cascadeautoworks.com,Mon-Fri,"Mobile install + alignments",Tacoma,WA,98402
Harborview Motors,CA - Oakland,510-555-7833,Jessie Patel,service@harborviewmotors.com,24/7,"Glass + dash harness specialists",Oakland,CA,94607
Great Lakes Service,IL - Chicago,312-555-2050,Angela Kim,hello@greatlakesservice.com,Mon-Fri,"Loaner vehicles available",Chicago,IL,60601
Sunrise AutoWorks,FL - Miami,305-555-8899,Julian Ortiz,care@sunriseautoworks.com,24/7,"Rapid turn diagnostics",Miami,FL,33130
