Installation Company,Email,Phone,State,Zip,City,Notes
CB Direct,rect.net,866-716-,Alabama (AL),35007,Alabaster,
CB Direct,rect.net,866-716-,Alabama (AL),35242,Birmingham,
CB Direct,rect.net,866-716-,Alabama (AL),36535,Foley,
CB Direct,rect.net,866-716-,Alabama (AL),36870,Montgomery,
CB Direct,rect.net,866-716-,Alabama (AL),35218,Pell City,
Field Evolution,tion.com,614-600-,Alabama (AL),35490,Vance,$125 trip fee
TSCMUSA,musa.com,629-254-,Arizona (AZ),85029,Phoenix,
CB Direct,rect.net,866-716-,Arizona (AZ),85281,Tempe,
Don,mail.com,(480) 48,Arizona (AZ),N/A,Phoenix,Works w/ Jason (480-915-5602); negotiated $300
Field Evolution,tion.com,614-600-,Arizona (AZ),85029,Phoenix,$125 trip fee
Manuel Parada (Independent),mail.com,720-292-,Arizona (AZ),N/A,N/A,
Metro Mobile Electronics Inc.,egps.com,866-246-,Arizona (AZ),85001,Phoenix,
Metro Mobile Electronics Inc.,egps.com,866-246-,Arizona (AZ),85140,Phoenix,
Metro Mobile Electronics Inc.,egps.com,866-246-,Arizona (AZ),85140,San Tan Valley,
TSCMUSA,musa.com,629-254-,Arizona (AZ),85142,Queen Creek,
TSCMUSA,musa.com,629-254-,Arkansas (AR),72801,Russellville,
CB Direct,rect.net,866-716-,Arkansas (AR),72211,Little Rock,
Ryan Brinkley,mail.com,(901) 43,Arkansas (AR),72301,West Memphis,
CB Direct,rect.net,866-716-,California (CA),92277,29 Palms,
Field Evolution,tion.com,614-600-,California (CA),91801,Alhambra,$125 trip fee
Metro Mobile Electronics Inc.,egps.com,866-246-,California (CA),92805,Anaheim,
James Hernandez,mail.com,323-392-,California (CA),N/A,Bakersfield,
CB Direct,rect.net,866-716-,California (CA),91902,Bonita,
Metro Mobile Electronics Inc.,egps.com,866-246-,California (CA),92626,Costa Mesa,
CB Direct,rect.net,866-716-,California (CA),91010,Duarte,
559 Car Stereo & Alarm (Sarkis Topalian),mail.com,559-515-,California (CA),N/A,Fontana,
Alexander Stein (Independent),N/A,505-728-,California (CA),N/A,Fontana,
CB Direct,rect.net,866-716-,California (CA),92335,Fontana,
Cesar Murillo (Muritronix),onix.com,559-718-,California (CA),N/A,Fontana,
Edward Ramos,llds.com,916-275-,California (CA),N/A,Fontana,Possibly same as Eric Ramos? (duplicate email)
James Hernandez (Independent),mail.com,323-393-,California (CA),N/A,Fontana,
559 Car Stereo & Alarm (Sarkis Topalian),mail.com,559-515-,California (CA),N/A,Fresno,
CB Direct,rect.net,866-716-,California (CA),93706,Fresno,
Cesar Murillo (Muritronix),onix.com,559-718-,California (CA),N/A,Fresno,
J s Alarm & Car Audio (Jason Sanchez),mail.com,559-470-,California (CA),N/A,Fresno,
One Call DS (Elaine),llds.com,209-597-,California (CA),N/A,Fresno,
James Hernandez,mail.com,323-392-,California (CA),N/A,Fresno,
Jason Sanchez,mail.com,559-470-,California (CA),N/A,"Fresno, Fontana",(Duplicate mention)
Matthew Zuniga,N/A,559-270-,California (CA),N/A,"Fresno, Fontana",(Duplicate mention)
CB Direct,rect.net,866-716-,California (CA),90247,Gardena,
CB Direct,rect.net,866-716-,California (CA),94544,Hayward,
TSCMUSA,musa.com,629-254-,California (CA),95240,Lodi,
CB Direct,rect.net,866-716-,California (CA),90065,Los Angeles,
CB Direct,rect.net,866-716-,California (CA),91746,Los Angeles,
One Call DS (Elaine),llds.com,209-597-,California (CA),N/A,Los Angeles,
SureTrac Installation (Jeromy),N/A,404-455-,California (CA),N/A,Los Angeles,Does not want to work with us
CB Direct,rect.net,866-716-,California (CA),95337,Manteca,
CB Direct,rect.net,866-716-,California (CA),95355,Modesto,
Bital Installation Service (Anario Bital),N/A,310-908-,California (CA),N/A,N/A,Does not want to work with us; Based in CA
Robert Bodine (Independent),N/A,562-761-,California (CA),N/A,N/A,Serves Southern CA
Metro Mobile Electronics Inc.,egps.com,866-246-,California (CA),91324,Northridge,
Metro Mobile Electronics Inc.,egps.com,866-246-,California (CA),94949,Novato/San Francisco,
Alexander Stein (Independent),N/A,505-728-,California (CA),N/A,Ontario,
Metro Mobile Electronics Inc.,egps.com,866-246-,California (CA),92503,Riverside,
Metro Mobile Electronics Inc.,egps.com,866-246-,California (CA),92506,Riverside,
Metro Mobile Electronics Inc.,egps.com,866-246-,California (CA),95832,Sacramento,
One Call DS (Elaine),llds.com,209-597-,California (CA),N/A,Sacramento,
TSCMUSA,musa.com,629-254-,California (CA),92407,San Bernadino,
One Call DS (Elaine),llds.com,209-597-,California (CA),N/A,San Francisco,
One Call DS (Elaine),llds.com,209-597-,California (CA),N/A,San Jose,
Tech Mobile,loud.com,916-879-,California (CA),93657,Sanger,
CB Direct,rect.net,866-716-,California (CA),90504,St Torrance,
CB Direct,rect.net,866-716-,California (CA),95212,Stockton,
CB Direct,rect.net,866-716-,California (CA),94587,Union City,
Jason MacRunnels,mail.com,612-385-,Canada,N/A,Ottawa,Listed as  from Ottawa  (no exact city/state given)
OEM Installation (Alex Mota),N/A,630-940-,Canada,N/A,Toronto,Non-US location (listed for completeness)
TSCMUSA,musa.com,629-254-,Colorado (CO),80010,Aurora,
TSCMUSA,musa.com,629-254-,Colorado (CO),80011,Aurora,
TSCMUSA,musa.com,629-254-,Colorado (CO),80221,Denver,
TSCMUSA,musa.com,629-254-,Colorado (CO),80521,Fort Collins,
TSCMUSA,musa.com,629-254-,Colorado (CO),80503,Longmont,
CB Direct,rect.net,866-716-,Colorado (CO),80004,Arvada,
CB Direct,rect.net,866-716-,Colorado (CO),80919,Colorado Springs,
CB Direct,rect.net,866-716-,Colorado (CO),80210,Denver,
CB Direct,rect.net,866-716-,Colorado (CO),80134,Parker,
CB Direct,rect.net,866-716-,Colorado (CO),80831,Peyton,
Christian Mcghee (Independent),N/A,720-429-,Colorado (CO),N/A,Commerce City,Noted as  Expensive 
Field Evolution,tion.com,614-600-,Colorado (CO),80010,Aurora,$125 trip fee
Field Evolution,tion.com,614-600-,Colorado (CO),80011,Aurora,$125 trip fee
Metro Mobile Electronics Inc.,egps.com,866-246-,Colorado (CO),80011,Denver,
Alan Long (Long Mobile LLC),N/A,860-202-,Connecticut (CT),N/A,N/A,
CB Direct,rect.net,866-716-,Connecticut (CT),6001,Avon,
CB Direct,rect.net,866-716-,Connecticut (CT),6074,South Windsor,
CB Direct,rect.net,866-716-,Connecticut (CT),6706,Waterbury,
Dave Walter (Independent),tllc.com,203-843-,Connecticut (CT),N/A,N/A,
Dillon Welden (Worldwide Installs),alls.com,413-301-,Connecticut (CT),N/A,N/A,
Field Evolution,tion.com,614-600-,Connecticut (CT),6029,Ellington,$125 trip fee
SureTrac Installation (Jeromy),N/A,404-455-,Connecticut (CT),N/A,N/A,Does not want to work with us
TSCMUSA,musa.com,629-254-,Florida (FL),34449,Inglis,
TSCMUSA,musa.com,629-254-,Florida (FL),34744,Kissimmee,
TSCMUSA,musa.com,629-254-,Florida (FL),34287,North Port,
TSCMUSA,musa.com,629-254-,Florida (FL),32084,St. Augustine,
Adam Gersh (Independent),N/A,954-263-,Florida (FL),N/A,N/A,Serves Southern FL
CB Direct,rect.net,866-716-,Florida (FL),34205,Bradenton,
CB Direct,rect.net,866-716-,Florida (FL),34744,Kissimmee,
CB Direct,rect.net,866-716-,Florida (FL),33467,Lake Worth,
CB Direct,rect.net,866-716-,Florida (FL),33810,Lakeland,
CB Direct,rect.net,866-716-,Florida (FL),34287,North Port,
CB Direct,rect.net,866-716-,Florida (FL),32825,Orlando,
CB Direct,rect.net,866-716-,Florida (FL),32571,Pace,
CB Direct,rect.net,866-716-,Florida (FL),33952,Port Charlotte,
CB Direct,rect.net,866-716-,Florida (FL),32127,Port Orange,
CB Direct,rect.net,866-716-,Florida (FL),34234,Sarasota,
CB Direct,rect.net,866-716-,Florida (FL),32305,Tallahassee,
Field Evolution,tion.com,614-600-,Florida (FL),34741,Kissimmee,$125 trip fee
Field Evolution,tion.com,614-600-,Florida (FL),34744,Kissimmee,$125 trip fee
Field Evolution,tion.com,614-600-,Florida (FL),32765,Oviedo,$125 trip fee
Metro Mobile Electronics Inc.,egps.com,866-246-,Florida (FL),32225,Jacksonville,
Metro Mobile Electronics Inc.,egps.com,866-246-,Florida (FL),33187,Miami,
Metro Mobile Electronics Inc.,egps.com,866-246-,Florida (FL),33781,Pinellas Park,
Metro Mobile Electronics Inc.,egps.com,866-246-,Florida (FL),33630,Tampa,
OEM Installation (Alex Mota),N/A,630-940-,Florida (FL),N/A,Ft. Lauderdale,
OEM Installation (Alex Mota),N/A,630-940-,Florida (FL),N/A,Orlando,
OEM Installation (Alex Mota),N/A,630-940-,Florida (FL),N/A,Tampa,
Ted Chrostowski,,321-615-,Florida (FL),32926,Cocoa,
A2Z Mobile installations - Steve Boland,tion.com,845-476-,Florida (FL),33401,West Palm Beach,
TSCMUSA,musa.com,629-254-,Georgia (GA),30755,Tunnel Hill,
CB Direct,rect.net,866-716-,Georgia (GA),31301,Allenhursts,
CB Direct,rect.net,866-716-,Georgia (GA),30019,Dacula,
CB Direct,rect.net,866-716-,Georgia (GA),30088,Stone Mountain,
CB Direct,rect.net,866-716-,Georgia (GA),31088,Warner Robins,
Field Evolution,tion.com,614-600-,Georgia (GA),30517,Braselton,$125 trip fee
Field Evolution,tion.com,614-600-,Georgia (GA),30066,Marietta,$125 trip fee
Field Evolution,tion.com,614-600-,Georgia (GA),31794,Tifton,$125 trip fee
Field Evolution,tion.com,614-600-,Georgia (GA),30755,Varnell,$125 trip fee
Metro Mobile Electronics Inc.,egps.com,866-246-,Georgia (GA),30306,Atlanta,
Metro Mobile Electronics Inc.,egps.com,866-246-,Georgia (GA),30337,College Park,
Metro Mobile Electronics Inc.,egps.com,866-246-,Georgia (GA),30034,Decatur,
Metro Mobile Electronics Inc.,egps.com,866-246-,Georgia (GA),30044,Lawrenceville,
Metro Mobile Electronics Inc.,egps.com,866-246-,Georgia (GA),30052,Loganville,
OEM Installation (Alex Mota),N/A,630-940-,Georgia (GA),N/A,Atlanta,
SureTrac Installation (Jeromy),N/A,404-455-,Georgia (GA),N/A,Atlanta,Does not want to work with us
Spencer Ingram (Titan Voltage),tage.com,208-408-,Idaho (ID),N/A,Boise,
CB Direct,rect.net,866-716-,Idaho (ID),83703,Boise,
Metro Mobile Electronics Inc.,egps.com,866-246-,Idaho (ID),83634,Kuna,
TSCMUSA,musa.com,629-254-,Illinois (IL),60119,Elburn,
TSCMUSA,musa.com,629-254-,Illinois (IL),62702,Springfield ,
TSCMUSA,musa.com,629-254-,Illinois (IL),60178,Sycamore,
CB Direct,rect.net,866-716-,Illinois (IL),60007,Elk Grove Village,
Field Evolution,tion.com,614-600-,Illinois (IL),60007,Elk Grove Village,$125 trip fee
CB Direct,rect.net,866-716-,Illinois (IL),60119,Elburn,
Field Evolution,tion.com,614-600-,Illinois (IL),60119,Elburn,$125 trip fee
Steve Ossler,look.com,708-250-,Illinois (IL),60164,Chicago,
Adam Nealon (Independent),mail.com,630-854-,Illinois (IL),60164,Chicago,
Field Evolution,tion.com,614-600-,Illinois (IL),60178,Sycamore,$125 trip fee
CB Direct,rect.net,866-716-,Illinois (IL),60506,Aurora,
Field Evolution,tion.com,614-600-,Illinois (IL),60506,Aurora,$125 trip fee
CB Direct,rect.net,866-716-,Illinois (IL),60617,Chicago,
Field Evolution,tion.com,614-600-,Illinois (IL),60617,Chicago,$125 trip fee
Field Evolution,tion.com,614-600-,Illinois (IL),60637,Chicago,$125 trip fee
CB Direct,rect.net,866-716-,Illinois (IL),61546,Manito,
Field Evolution,tion.com,614-600-,Illinois (IL),62702,Springfield,$125 trip fee
Kiril Mihaylov (Independent),,608-466-,Illinois (IL),60070,Prospect Heights,
OEM Installation (Alex Mota),N/A,630-940-,Illinois (IL),N/A,N/A,
TSCMUSA,musa.com,629-254-,Indiana (IN),47714,Evansville,
CB Direct,rect.net,866-716-,Indiana (IN),46323,Hammond,
CB Direct,rect.net,866-716-,Indiana (IN),47302,Muncie,
Field Evolution,tion.com,614-600-,Indiana (IN),47714,Evansville,$125 trip fee
Field Evolution,tion.com,614-600-,Indiana (IN),46323,Hammond,$125 trip fee
Ryan (Orbital Custom Owner),N/A,317-201-,Indiana (IN),N/A,Indianapolis,
TSCMUSA,musa.com,629-254-,Iowa (IA),52806,Davenport/Dubuque,
3T Technology LLC (Tyler Truax),mail.com,402-201-,Iowa (IA),N/A,Council Bluffs,
Andrysik Install Service (Bryan Andrysik),mail.com,402-208-,Iowa (IA),N/A,Council Bluffs,
Danny Britain (Independent),mail.com,531-389-,Iowa (IA),N/A,Council Bluffs,New email: dbisdanny@gmail.com
CB Direct,rect.net,866-716-,Kentucky (KY),41042,Florence,
CB Direct,rect.net,866-716-,Kentucky (KY),40299,Louisville,
Field Evolution,tion.com,614-600-,Kentucky (KY),42103,Bowling Green,$125 trip fee
A2Z Mobile installations - Steve Boland,tion.com,845-476-,Louisiana (LA),70032,New Orleands,
TSCMUSA,musa.com,629-254-,Louisiana (LA),70506,Lafayette,
TSCMUSA,musa.com,629-254-,Louisiana (LA),70003,Metaire,
CB Direct,rect.net,866-716-,Louisiana (LA),70115,New Orleans,
CB Direct,rect.net,866-716-,Louisiana (LA),71101,Shreveport,
Dillon Welden (Worldwide Installs),alls.com,413-301-,Louisiana (LA),N/A,N/A,
Field Evolution,tion.com,614-600-,Louisiana (LA),70506,Lafayette,$125 trip fee
Field Evolution,tion.com,614-600-,Louisiana (LA),70003,Metairie,$125 trip fee
Dave Walter (Independent),tllc.com,203-843-,Maine (ME),N/A,N/A,
CB Direct,rect.net,866-716-,Maryland (MD),20774,Marlboro,
Dave Walter (Independent),tllc.com,203-843-,Maryland (MD),N/A,N/A,
Field Evolution,tion.com,614-600-,Maryland (MD),21061,Glen Burnie,$125 trip fee
Field Evolution,tion.com,614-600-,Maryland (MD),21113,Odenton,$125 trip fee
Metro Mobile Electronics Inc.,egps.com,866-246-,Maryland (MD),21206,Baltimore,
Metro Mobile Electronics Inc.,egps.com,866-246-,Maryland (MD),21239,Baltimore,
Metro Mobile Electronics Inc.,egps.com,866-246-,Maryland (MD),21221,Essex,
TSCMUSA,musa.com,629-254-,Maryland (MD),21113,Odenton,
TSCMUSA,musa.com,629-254-,Maryland (MD),21787,Taneytown,
CB Direct,rect.net,866-716-,Massachusetts,1040,Holyoke,
CB Direct,rect.net,866-716-,Massachusetts,1104,Springfield,
Alan Long (Long Mobile LLC),N/A,860-202-,Massachusetts (MA),N/A,N/A,
Dave Walter (Independent),tllc.com,203-843-,Massachusetts (MA),N/A,N/A,
Dillon Welden (Worldwide Installs),alls.com,413-301-,Massachusetts (MA),N/A,N/A,
Field Evolution,tion.com,614-600-,Massachusetts (MA),1915,Beverly,$125 trip fee
Field Evolution,tion.com,614-600-,Massachusetts (MA),1821,Billerica,$125 trip fee
Field Evolution,tion.com,614-600-,Massachusetts (MA),2119,Roxbury,$125 trip fee
Field Evolution,tion.com,614-600-,Massachusetts (MA),1085,Westfield,$125 trip fee
Field Evolution,tion.com,614-600-,Massachusetts (MA),2382,Whitman,$125 trip fee
SureTrac Installation (Jeromy),N/A,404-455-,Massachusetts (MA),N/A,N/A,Does not want to work with us
A2Z Mobile installations - Steve Boland,tion.com,845-476-,Massachusetts (MA),2108,Boston,
A2Z Mobile installations - Steve Boland,tion.com,845-476-,Michigan (MI),48103,Ann Arbor,
TSCMUSA,musa.com,629-254-,Michigan (MI),48111,Van Buren Twp,
CB Direct,rect.net,866-716-,Michigan (MI),48210,Detroit,
CB Direct,rect.net,866-716-,Michigan (MI),48134,Flat Rock,
CB Direct,rect.net,866-716-,Michigan (MI),48506,Flint,
CB Direct,rect.net,866-716-,Michigan (MI),48439,Grand Blanc,
CB Direct,rect.net,866-716-,Michigan (MI),48180,Taylor,
Field Evolution,tion.com,614-600-,Michigan (MI),48111,Belleville,$125 trip fee
CB Direct,rect.net,866-716-,Minnesota (MN),55372,Prior Lake,
Jason MacRunnels,mail.com,612-385-,Minnesota (MN),N/A,N/A,(Duplicate mention)
Mark Andrescik (Independent),ahoo.com,651-352-,Minnesota (MN),N/A,N/A,
Tyler Joseph (Saint Nordic),rdic.com,763-260-,Minnesota (MN),N/A,N/A,
CB Direct,rect.net,866-716-,Mississippi (MS),39209,Jackson,
CB Direct,rect.net,866-716-,Mississippi (MS),39466,Picayune,
Dillon Welden (Worldwide Installs),alls.com,413-301-,Mississippi (MS),N/A,N/A,
TSCMUSA,musa.com,629-254-,Mississippi (MS),39206,Jackson,
CB Direct,rect.net,866-716-,Missouri (MO),63301,St. Charles,
Field Evolution,tion.com,614-600-,Missouri (MO),64014,Blue Springs,$125 trip fee
Sp Agent (Matt),mail.com,417-629-,Missouri (MO),64801,Joplin,
TSCMUSA,musa.com,629-254-,Missouri (MO),64014,BLUE SPRINGS,
Safety Net Installations,alls.com,702-550-,N/A,N/A,N/A,No city/state provided
TSCMUSA,musa.com,629-254-,Nebraska (NE),68850,Lexington,
3T Technology LLC (Tyler Truax),mail.com,402-201-,Nebraska (NE),N/A,Omaha,
Andrysik Install Service (Bryan Andrysik),mail.com,402-208-,Nebraska (NE),N/A,Omaha,
Field Evolution,tion.com,614-600-,Nebraska (NE),68850,Lexington,$125 trip fee
Joshua Hamlin (Independent),mail.com,402-208-,Nebraska (NE),N/A,N/A,
TSCMUSA,musa.com,629-254-,Nevada (NV),89123,Las Vegas,
CB Direct,rect.net,866-716-,Nevada (NV),89147,Las Vegas,
Dave Walter (Independent),tllc.com,203-843-,New Hampshire (NH),N/A,N/A,
Dillon Welden (Worldwide Installs),alls.com,413-301-,New Hampshire (NH),N/A,N/A,
Field Evolution,tion.com,614-600-,New Hampshire (NH),3060,Nashua,$125 trip fee
SureTrac Installation (Jeromy),N/A,404-455-,New Hampshire (NH),N/A,N/A,Does not want to work with us
A2Z Mobile installations - Steve Boland,tion.com,845-476-,New Hampshire (NH),3301,Concord,
TSCMUSA,musa.com,629-254-,New Jersey (NJ),7840,Hackettstown,
TSCMUSA,musa.com,629-254-,New Jersey (NJ),8318,Pittsgrove,
Benito Matias (845 Automotive Installers),mail.com,845-645-,New Jersey (NJ),N/A,N/A,
"Carlos Ramirez, NVS Audio",N/A,973-223-,New Jersey (NJ),N/A,N/A,
CB Direct,rect.net,866-716-,New Jersey (NJ),7403,Bloomingdale,
CB Direct,rect.net,866-716-,New Jersey (NJ),8234,Egg Harbor Twnshp,
CB Direct,rect.net,866-716-,New Jersey (NJ),7514,St. Paterson,
Dave Walter (Independent),tllc.com,203-843-,New Jersey (NJ),N/A,N/A,
Field Evolution,tion.com,614-600-,New Jersey (NJ),8318,Elmer,$125 trip fee
Field Evolution,tion.com,614-600-,New Jersey (NJ),8318,Elmer,$125 trip fee
Field Evolution,tion.com,614-600-,New Jersey (NJ),7840,Hackettstown,$125 trip fee
Field Evolution,tion.com,614-600-,New Jersey (NJ),7871,Sparta,$125 trip fee
James Liem,N/A,917-783-,New Jersey (NJ),N/A,N/A,
Metro Mobile Electronics Inc.,egps.com,866-246-,New Jersey (NJ),7751,Morganville (Covers NYC),
OEM Installation (Alex Mota),N/A,630-940-,New Jersey (NJ),N/A,Newark,
Mobile Fleet Installations,,908-864-,New Jersey (NJ),7840,Kackettstown,
A2Z Mobile installations - Steve Boland,tion.com,845-476-,New Jersey (NJ),7031,Lyndhurst,
A2Z Mobile installations - Steve Boland,tion.com,845-476-,New Jersey (NJ),8821,Hillsborough,
Tim Ngo (Independent),mail.com,505-453-,New Mexico (NM),N/A,N/A,
TSCMUSA,musa.com,629-254-,New York (NY),12701,Monticello,
TSCMUSA,musa.com,629-254-,New York (NY),11779,Ronkonkama,
Keith Balbosa (Road Installations),ions.com,718-807-,New York (NY),N/A,Long Island,
Benito Matias (845 Automotive Installers),mail.com,845-645-,New York (NY),N/A,N/A,
CB Direct,rect.net,866-716-,New York (NY),12550,Newburgh,
Dave Walter (Independent),tllc.com,203-843-,New York (NY),N/A,N/A,
Edward Almonte (Independent),mail.com,347-292-,New York (NY),N/A,N/A,
Field Evolution,tion.com,614-600-,New York (NY),14223,Buffalo,$125 trip fee
Field Evolution,tion.com,614-600-,New York (NY),14487,Livonia,$125 trip fee
Field Evolution,tion.com,614-600-,New York (NY),14534,Pittsford,$125 trip fee
James Liem,N/A,917-783-,New York (NY),N/A,N/A,
Dan Drexler,,412-807-,New York (NY),14487,Rochester,
A2Z Mobile installations - Steve Boland,tion.com,845-476-,New York (NY),12586,Walden,
A2Z Mobile installations - Steve Boland,tion.com,845-476-,New York (NY),10470,Yonkers,
A2Z Mobile installations - Steve Boland,tion.com,845-476-,New York (NY),11201,Brooklyn,
A2Z Mobile installations - Steve Boland,tion.com,845-476-,New York (NY),14534,Pittsford,
A2Z Mobile installations - Steve Boland,tion.com,845-476-,New York (NY),10949,Monroe,
A2Z Mobile installations - Steve Boland,tion.com,845-476-,North Carolina (NC),28607,Boone,
TSCMUSA,musa.com,629-254-,North Carolina (NC),28262,Charlotte,
TSCMUSA,musa.com,629-254-,North Carolina (NC),28602,HICKORY,
CB Direct,rect.net,866-716-,North Carolina (NC),28546,Jacksonville,
CB Direct,rect.net,866-716-,North Carolina (NC),27592,Willow Springs,
CB Direct,rect.net,866-716-,North Carolina (NC),27893,Wilson,
Field Evolution,tion.com,614-600-,North Carolina (NC),28806,Asheville,$125 trip fee
Field Evolution,tion.com,614-600-,North Carolina (NC),27409,Greensboro,$125 trip fee
Metro Mobile Electronics Inc.,egps.com,866-246-,North Carolina (NC),27616,Raleigh,
SureTrac Installation (Jeromy),N/A,404-455-,North Carolina (NC),N/A,N/A,Does not want to work with us
TSCMUSA,musa.com,629-254-,North Carolina (NC),27613,Raleigh,
A2Z Mobile installations - Steve Boland,tion.com,845-476-,North Dakota,58047,Fargo,
CB Direct,rect.net,866-716-,Ohio (OH),45201,Cincinnati,
CB Direct,rect.net,866-716-,Ohio (OH),43214,Columbus,
CB Direct,rect.net,866-716-,Ohio (OH),44221,Cuyahoga Falls,
CB Direct,rect.net,866-716-,Ohio (OH),44052,Lorain,
TSCMUSA,musa.com,629-254-,Ohio (OH),44857,Norwalk,
Field Evolution,tion.com,614-600-,Ohio (OH),43123,Grove City,$125 trip fee
Field Evolution,tion.com,614-600-,Ohio (OH),44131,Independence,$125 trip fee
Field Evolution,tion.com,614-600-,Ohio (OH),44056,Macedonia,$125 trip fee
Field Evolution,tion.com,614-600-,Ohio (OH),44056,Macedonia,$125 trip fee
Field Evolution,tion.com,614-600-,Ohio (OH),44857,Norwalk,$125 trip fee
Metro Mobile Electronics Inc.,egps.com,866-246-,Ohio (OH),43615,Toledo,
SureTrac Installation (Jeromy),N/A,404-455-,Ohio (OH),N/A,Columbus,Does not want to work with us
TSCMUSA,musa.com,629-254-,Oklahoma (OK),73072,Norman,
CB Direct,rect.net,866-716-,Oklahoma (OK),73172,Oklahoma City,
Field Evolution,tion.com,614-600-,Oklahoma (OK),73118,Oklahoma City,$125 trip fee
Metro Mobile Electronics Inc.,egps.com,866-246-,Oklahoma (OK),73008,Bethany,
Metro Mobile Electronics Inc.,egps.com,866-246-,Oklahoma (OK),73071,Norman,
Rory Farley (Independent),N/A,405-503-,Oklahoma (OK),N/A,N/A,
TSCMUSA,musa.com,629-254-,Oregon (OR),97013,Canby,
TSCMUSA,musa.com,629-254-,Oregon (OR),97477,Springfield,
Field Evolution,tion.com,614-600-,Oregon (OR),97013,Canby,$125 trip fee
Field Evolution,tion.com,614-600-,Oregon (OR),97219,Portland,$125 trip fee
Field Evolution,tion.com,614-600-,Oregon (OR),97477,Springfield,$125 trip fee
Matthew Zuniga (Independent),N/A,503-708-,Oregon (OR),N/A,N/A,Based in Portland; serves WA & OR (3 hrs away)
OEM Installation (Alex Mota),N/A,630-940-,Oregon (OR),N/A,Portland,
TSCMUSA,musa.com,629-254-,Pennsylvania (PA),19522,Fleetwood,
TSCMUSA,musa.com,629-254-,Pennsylvania (PA),15243,Pittsburgh,
Aris,,(267) 25,Pennsylvania (PA),N/A,Philadelphia,
CB Direct,rect.net,866-716-,Pennsylvania (PA),17314,Delta,
CB Direct,rect.net,866-716-,Pennsylvania (PA),19124,Philadelphia,
CB Direct,rect.net,866-716-,Pennsylvania (PA),19153,Philadelphia,
CB Direct,rect.net,866-716-,Pennsylvania (PA),18504,Scranton,
Dave Walter (Independent),tllc.com,203-843-,Pennsylvania (PA),N/A,N/A,
Benito Matias (845 Automotive Installers),mail.com,845-645-,Pennsylvania (PA),N/A,N/A,
Dave Walter (Independent),tllc.com,203-843-,Pennsylvania (PA),N/A,N/A,
Field Evolution,tion.com,614-600-,Pennsylvania (PA),18064,Nazareth,$125 trip fee
Field Evolution,tion.com,614-600-,Pennsylvania (PA),19562,Temple,$125 trip fee
Metro Mobile Electronics Inc.,egps.com,866-246-,Pennsylvania (PA),15017,Bridgeville,
Metro Mobile Electronics Inc.,egps.com,866-246-,Pennsylvania (PA),19403,Philadelphia,
"PLS Enterprises, LLC (Paul Stein)",mail.com,215-520-,Pennsylvania (PA),N/A,Bloomberg,
Tone Figures,look.com,267-353-,Pennsylvania (PA),19609,Reading,
A2Z Mobile installations - Steve Boland,tion.com,845-476-,Pennsylvania (PA),19019,Philadelphia,
A2Z Mobile installations - Steve Boland,tion.com,845-476-,Pennsylvania (PA),15120,Pittsburgh,
CB Direct,rect.net,866-716-,Rhode Island (RI),2860,Pawtucket,
Dave Walter (Independent),tllc.com,203-843-,Rhode Island (RI),N/A,N/A,
Field Evolution,tion.com,614-600-,Rhode Island (RI),2893,West Warwick,$125 trip fee
CB Direct,rect.net,866-716-,South Carolina (SC),29801,Aiken,
CB Direct,rect.net,866-716-,South Carolina (SC),29154,Sumter,
Field Evolution,tion.com,614-600-,South Carolina (SC),29212,Columbia,$125 trip fee
Field Evolution,tion.com,614-600-,South Carolina (SC),29673,Pelzer,$125 trip fee
Field Evolution,tion.com,614-600-,South Carolina (SC),29693,Westminster,$125 trip fee
SureTrac Installation (Jeromy),N/A,404-455-,South Carolina (SC),N/A,N/A,Does not want to work with us
Field Evolution,tion.com,614-600-,South Dakota (SD),57109,Sioux Falls,$125 trip fee
CB Direct,rect.net,866-716-,Tennessee (TN),37411,Chattanooga,
CB Direct,rect.net,866-716-,Tennessee (TN),37110,McMinnville,
CB Direct,rect.net,866-716-,Tennessee (TN),37174,Spring Hill,
Field Evolution,tion.com,614-600-,Tennessee (TN),37052,Cumberland Furnace,$125 trip fee
Field Evolution,tion.com,614-600-,Tennessee (TN),37334,Fayetteville,$125 trip fee
Field Evolution,tion.com,614-600-,Tennessee (TN),38462,Hohenwald,$125 trip fee
Field Evolution,tion.com,614-600-,Tennessee (TN),37210,Nashville,$125 trip fee
Field Evolution,tion.com,614-600-,Tennessee (TN),38251,Palmersville,$125 trip fee
TSCMUSA,musa.com,629-254-,Tennessee (TN),37052,Cunningham,
TSCMUSA,musa.com,629-254-,Tennessee (TN),37327,Dunlap,
TSCMUSA,musa.com,629-254-,Tennessee (TN),38462,Hohenwald,
TSCMUSA,musa.com,629-254-,Tennessee (TN),37909,Knoxville,
TSCMUSA,musa.com,629-254-,Tennessee (TN),37087,Lebanon,
TSCMUSA,musa.com,629-254-,Tennessee (TN),37207,Nashville,
TSCMUSA,musa.com,629-254-,Tennessee (TN),37210,Nashville,
TSCMUSA,musa.com,629-254-,Tennessee (TN),38251,Puryear,
TSCMUSA,musa.com,629-254-,Tennessee (TN),37388,Tullahoma,
Arthur M. (Independent),mail.com,713-271-,Texas (TX),N/A,Houston,
Berwanger Installation (Harold),N/A,214-288-,Texas (TX),N/A,Dallas,
Berwanger Installation (Harold),N/A,214-288-,Texas (TX),N/A,Fort Worth,
CB Direct,rect.net,866-716-,Texas (TX),76227,Aubrey,
CB Direct,rect.net,866-716-,Texas (TX),77518,Bacliff,
CB Direct,rect.net,866-716-,Texas (TX),76207,Denton,
CB Direct,rect.net,866-716-,Texas (TX),76109,Fort Worth,
CB Direct,rect.net,866-716-,Texas (TX),78557,Hidalgo,
CB Direct,rect.net,866-716-,Texas (TX),78861,Hondo,
CB Direct,rect.net,866-716-,Texas (TX),77038,Houston,
CB Direct,rect.net,866-716-,Texas (TX),77065,Houston,
CB Direct,rect.net,866-716-,Texas (TX),76542,Killeen,
CB Direct,rect.net,866-716-,Texas (TX),77571,LaPorte,
CB Direct,rect.net,866-716-,Texas (TX),77573,League City,
CB Direct,rect.net,866-716-,Texas (TX),77351,Livingston,
CB Direct,rect.net,866-716-,Texas (TX),77505,Pasadena,
CB Direct,rect.net,866-716-,Texas (TX),75080,Richardson,
CB Direct,rect.net,866-716-,Texas (TX),78251,San Antonio,
CB Direct,rect.net,866-716-,Texas (TX),77586,Seabrook,
CB Direct,rect.net,866-716-,Texas (TX),77598,Webster,
David Vargas (Independent),mail.com,915-422-,Texas (TX),N/A,El Paso,
Elaina Doral,mail.com,(480) 47,Texas (TX),N/A,Hutchins,
Field Evolution,tion.com,614-600-,Texas (TX),77365,New Caney,$125 trip fee
Field Evolution,tion.com,614-600-,Texas (TX),79762,Odessa,$125 trip fee
Field Evolution,tion.com,614-600-,Texas (TX),77362,Pinehurst,$125 trip fee
Field Evolution,tion.com,614-600-,Texas (TX),75861,Teague,$125 trip fee
Metro Mobile Electronics Inc.,egps.com,866-246-,Texas (TX),75410,Alba (Tyler/Shreveport),
Metro Mobile Electronics Inc.,egps.com,866-246-,Texas (TX),77346,Atascocita,
Metro Mobile Electronics Inc.,egps.com,866-246-,Texas (TX),76210,Corinth,
Metro Mobile Electronics Inc.,egps.com,866-246-,Texas (TX),78404,Corpus Christi,
Metro Mobile Electronics Inc.,egps.com,866-246-,Texas (TX),75241,Dallas,
Metro Mobile Electronics Inc.,egps.com,866-246-,Texas (TX),76016,Dalworthington Gardens (Headquarters),
Metro Mobile Electronics Inc.,egps.com,866-246-,Texas (TX),76039,Euless,
Metro Mobile Electronics Inc.,egps.com,866-246-,Texas (TX),75022,Flower Mound,
Metro Mobile Electronics Inc.,egps.com,866-246-,Texas (TX),76111,Fort Worth,
Metro Mobile Electronics Inc.,egps.com,866-246-,Texas (TX),75044,Garland,
Metro Mobile Electronics Inc.,egps.com,866-246-,Texas (TX),75052,Grand Prairie,
Metro Mobile Electronics Inc.,egps.com,866-246-,Texas (TX),76051,Grapevine,
Metro Mobile Electronics Inc.,egps.com,866-246-,Texas (TX),76117,Haltom City,
Metro Mobile Electronics Inc.,egps.com,866-246-,Texas (TX),77038,Houston,
Metro Mobile Electronics Inc.,egps.com,866-246-,Texas (TX),77047,Houston,
Metro Mobile Electronics Inc.,egps.com,866-246-,Texas (TX),75038,Irving,
Metro Mobile Electronics Inc.,egps.com,866-246-,Texas (TX),75142,Kaufman,
Metro Mobile Electronics Inc.,egps.com,866-246-,Texas (TX),77339,Kingwood,
Metro Mobile Electronics Inc.,egps.com,866-246-,Texas (TX),79705,Midland,
Metro Mobile Electronics Inc.,egps.com,866-246-,Texas (TX),76182,North Richland Hills,
Metro Mobile Electronics Inc.,egps.com,866-246-,Texas (TX),78207,San Antonio,
Metro Mobile Electronics Inc.,egps.com,866-246-,Texas (TX),78245,San Antonio,
Metro Mobile Electronics Inc.,egps.com,866-246-,Texas (TX),75143,Seven Points (Kaufman/Athens),
Metro Mobile Electronics Inc.,egps.com,866-246-,Texas (TX),76092,Southlake,
Metro Mobile Electronics Inc.,egps.com,866-246-,Texas (TX),75702,Tyler,
OEM Installation (Alex Mota),N/A,630-940-,Texas (TX),N/A,Dallas,
SureTrac Installation (Jeromy),N/A,404-455-,Texas (TX),N/A,Dallas,Does not want to work with us
SureTrac Installation (Jeromy),N/A,404-455-,Texas (TX),N/A,Houston,Does not want to work with us
Billy Holt,,210-724-,Texas (TX),78259,San Antonio,
TSCMUSA,musa.com,629-254-,Texas (TX),79924,El Paso,
TSCMUSA,musa.com,629-254-,Texas (TX),75042,Garland,
TSCMUSA,musa.com,629-254-,Texas (TX),78641,Leander,
TSCMUSA,musa.com,629-254-,Texas (TX),78572,Palmview,
TSCMUSA,musa.com,629-254-,Texas (TX),77365,Porter,
TSCMUSA,musa.com,629-254-,Texas (TX),77365,Porter,
TSCMUSA,musa.com,629-254-,Texas (TX),75501,Texarkana,
CB Direct,rect.net,866-716-,Utah (UT),84015,Clinton,
CB Direct,rect.net,866-716-,Utah (UT),84129,Taylosville,
Jimmy,mail.com,404-455-,Utah (UT),N/A,Salt Lake,
SureTrac Installation (Jeromy),N/A,404-455-,Utah (UT),N/A,Salt Lake,Does not want to work with us
Dave Walter (Independent),tllc.com,203-843-,Vermont (VT),N/A,N/A,
TSCMUSA,musa.com,629-254-,Virginia (VA),20147,Ashburn,
TSCMUSA,musa.com,629-254-,Virginia (VA),24401,Staunton,
TSCMUSA,musa.com,629-254-,Virginia (VA),22172,Triangle,
TSCMUSA,musa.com,629-254-,Virginia (VA),23487,Windsor,
TSCMUSA,musa.com,629-254-,Virginia (VA),22193,Woodbridge,
CB Direct,rect.net,866-716-,Virginia (VA),23435,Suffolk,
Field Evolution,tion.com,614-600-,Virginia (VA),24401,Staunton,$125 trip fee
Metro Mobile Electronics Inc.,egps.com,866-246-,Virginia (VA),22406,Fredericksburg,
SureTrac Installation (Jeromy),N/A,404-455-,Virginia (VA),N/A,Richmond,Does not want to work with us
A2Z Mobile installations - Steve Boland,tion.com,845-476-,Virginia (VA),22191,Woodbriudge,
CB Direct,rect.net,866-716-,Washington (WA),98321,Buckley,
TruckTrailerRepairs,look.com,509-851-,Washington (WA),,Pasco,
CB Direct,rect.net,866-716-,Washington (WA),98042,Kent,
CB Direct,rect.net,866-716-,Washington (WA),98686,Vancouver,
Matthew Zuniga (Independent),N/A,503-708-,Washington (WA),N/A,N/A,Based in Portland; serves WA & OR (3 hrs away)
TSCMUSA,musa.com,629-254-,Wisconsin (WI),54720,Altoona,
Field Evolution,tion.com,614-600-,Wisconsin (WI),54720,Altoona,$125 trip fee
OEM Installation (Alex Mota),N/A,630-940-,Wisconsin (WI),N/A,Milwaukee,
Premium Sond & Security,obal.net,847-838-,Wisconsin (WI),,Sturtevant,Expensives
